id,first_name,last_name,city,hotel,score
1,Lenee,Tureville,Tiancheng,Kashmiri,1
2,Randall,Heddan,Santa Eulália,Norwegian,2
3,Claudine,Flynn,Okcheon,Portuguese,3
4,Indira,Niese,Puerto Cumarebo,Bislama,4
5,Noella,Ruckhard,Zhangting,Gagauz,5
6,Whit,Passo,Lagawe,Armenian,6
7,Hiram,Aronsohn,Sepekov,Swati,7
8,Mikael,Petrushkevich,Tours,Haitian Creole,8
9,Joshuah,Volk,Yugang,Gagauz,9
10,Catha,Stidston,Altona,Norwegian,10
11,Rosalinda,Reschke,Bailizhou,Filipino,11
12,Bernadine,Spohrmann,Turośń Kościelna,Burmese,12
13,Sophronia,Schuler,Jeminay,Haitian Creole,13
14,Roseann,Blasetti,Aksu,Polish,14
15,Isa,Serck,Kebonsari,Montenegrin,15
16,Alleen,Doxsey,Rouen,Haitian Creole,16
17,Catharine,Gladtbach,Fengshuling,Māori,17
18,Gretta,Gilvary,Tupsan,Lithuanian,18
19,Kaylil,Kersaw,Xiji,Dari,19
20,Jarrod,Ziemke,Hebei,Indonesian,20
21,Rorke,Chippendale,Galapa,Hiri Motu,21
22,Carena,Mewett,Myadzyel,Dhivehi,22
23,Mareah,Saville,Dimitsána,Japanese,23
24,Jakie,Durbin,Tekeli,Haitian Creole,24
25,Mari,Noury,Oemofa,Albanian,25
26,Colet,Physick,Plewiska,Mongolian,26
27,Muriel,Longfield,Uruobo-Okija,Haitian Creole,27
28,Ciel,MacGilmartin,Abelheira,Bengali,28
29,Margette,Lackeye,Changhao,Icelandic,29
30,Marni,Cowoppe,Nizhnepavlovka,Burmese,30
31,Earvin,Rennie,Santa Cruz,Montenegrin,31
32,Salomi,Rutland,Qinjia,Chinese,32
33,Angelle,Bleacher,Lendava,Italian,33
34,Letizia,Andrzejewski,Banjar Kertasari,Māori,34
35,Randell,Forker,Ciparay,Papiamento,35
36,Kyle,Snelson,Buenos Aires,Catalan,36
37,Linn,Owttrim,Kerasochóri,Albanian,37
38,Arin,Markos,Lugovskoy,Hungarian,38
39,Lindy,Muehler,Mulifanua,Persian,39
40,Brandais,Keoghane,Huayllati,Sotho,40
41,Hewie,Landells,Yalukou,Moldovan,41
42,Hashim,Belchamber,Gunziying,Malay,42
43,Anthea,Spreag,Baz,Irish Gaelic,43
44,Purcell,Imort,Pego Longo,Hebrew,44
45,Iain,Iacovazzi,Dayong,Fijian,45
46,Donalt,Bellany,Frashër,Hebrew,46
47,Vivianne,Linton,Xianren,Papiamento,47
48,Tucker,Cardero,Kraskino,Greek,48
49,Wyndham,Petrasso,Sovetskoye,Assamese,49
50,Wildon,Killbey,Knoxville,Telugu,50
51,Nydia,Starsmore,Hatton,Somali,51
52,Meier,Dominichelli,Panique,Bislama,52
53,Daveen,MacCracken,Xindong,Bislama,53
54,Lucilia,Wicken,Antas,Assamese,54
55,Deidre,Kinnar,Myadzyel,Czech,55
56,Veriee,Lowdeane,Ganyesa,Haitian Creole,56
57,Alvinia,Rosle,Lazdijai,Kannada,57
58,Alan,Lamperti,Futian,Bosnian,58
59,Reginauld,Euston,San Antonio Oeste,Lithuanian,59
60,Roma,Rew,Omīdcheh,Japanese,60
61,Timmi,Muriel,Czerniewice,Māori,61
62,Averill,Deveral,Al ‘Azīzīyah,Swahili,62
63,Stavro,Craythorne,Kresna,Afrikaans,63
64,Silvia,Liebermann,Libas,Dzongkha,64
65,Karyl,Shilliday,Gävle,Portuguese,65
66,Maurise,Benjefield,Sobontoro,Kurdish,66
67,Sergei,Pengelly,Cacaopera,Telugu,67
68,Pru,Breeds,Zašová,Romanian,68
69,Calvin,Gertz,Luleå,Assamese,69
70,Cloris,Keyse,Al Jubayhah,Azeri,70
71,Sandy,Lowles,Aglipay,Catalan,71
72,Dulcie,Nuzzti,Bata Tengah,Hiri Motu,72
73,Rawley,Spare,Zhangjiaji,Belarusian,73
74,Roy,Longea,Xin’an,Dhivehi,74
75,Cameron,Borgars,Paka,Mongolian,75
76,Eydie,Murie,Imbang,Swahili,76
77,Michal,Paladini,Santander,Indonesian,77
78,Haily,Chismon,Coroatá,Ndebele,78
79,Fielding,Sandcroft,Matriz de Camaragibe,Hiri Motu,79
80,Toddy,Mapples,Tacoma,Montenegrin,80
81,Charlena,Siveter,Ziyang,Dutch,81
82,Lonna,Geater,Wangfu,Papiamento,82
83,Dareen,Sclater,Skiáthos,Georgian,83
84,Briant,Lester,Alfena,Dzongkha,84
85,Talia,Caskie,Sari,Moldovan,85
86,Vachel,Lambe,Castrovirreyna,Estonian,86
87,Veronike,Paolinelli,Sokobanteng,Italian,87
88,Gery,Wanell,Yanmenguan,Kannada,88
89,Bamby,Eagan,Juršinci,New Zealand Sign Language,89
90,Diego,Idenden,Wenquan,Armenian,90
91,Bryanty,Pattle,Kahrīz,Albanian,91
92,Gunter,Eltune,Chaoyang,Khmer,92
93,Isidor,Rodinger,Bystrytsya,Oriya,93
94,Doralia,Enderwick,Fershampenuaz,Luxembourgish,94
95,Reese,Brandon,Арачиново,Spanish,95
96,Nanci,Titmarsh,Vidin,Gagauz,96
97,Joete,Antonetti,Rosice,Tamil,97
98,Donica,Cheake,Baños,Amharic,98
99,Debera,O'Tierney,Santo Amaro da Imperatriz,Hebrew,99
100,Aurelie,Boxill,El Benque,Gujarati,100
101,Valentia,Creane,Arboga,Japanese,101
102,Grissel,Iorio,Zandak,Khmer,102
103,Meade,Ahren,Wuyang,Hindi,103
104,Ransell,Leith,Cagwait,Haitian Creole,104
105,Darby,Probate,Hongsipu,New Zealand Sign Language,105
106,Keary,Yankishin,Rio Negrinho,Dzongkha,106
107,Natalee,Plumer,Cunén,Dhivehi,107
108,Tybi,Swatheridge,Shuangtang,Tswana,108
109,Phoebe,Olive,Xiling,Kurdish,109
110,Eugene,Dimitrescu,Pangai,Sotho,110
111,Rasla,Fache,Nagu,Fijian,111
112,Sebastiano,MacCallion,Carson City,Malayalam,112
113,Vasilis,Brandacci,Nanfeng,Finnish,113
114,Sorcha,Keenlyside,Tsibulev,Papiamento,114
115,Tobit,Kubecka,Guanfang,Somali,115
116,Allison,Chinnock,Mosquée,Filipino,116
117,Bobbette,Warder,Los Pinos,New Zealand Sign Language,117
118,Lyndsie,Oswick,Potou,Hiri Motu,118
119,Cordell,Laphorn,Créteil,Bosnian,119
120,Perry,Dallin,Jintian,Afrikaans,120
121,Lilian,Keaves,Ouagadougou,Korean,121
122,Bebe,Gerb,El Espino,Albanian,122
123,Felike,Mantripp,Joševa,Malayalam,123
124,Urban,Bowfin,Cassilândia,Quechua,124
125,Brinn,Spanton,Wakiso,Hindi,125
126,Emory,Kenchington,Bakunase,Tok Pisin,126
127,Wilmar,Bauld,Samashki,English,127
128,Lorin,Carbry,Fussa,Portuguese,128
129,Mendel,Brayfield,Madur,Swati,129
130,Violet,Wibrew,Phu Kam Yao,Burmese,130
131,Abby,Stickford,Gurlan,Zulu,131
132,Berton,Brookson,Tomislavgrad,Tamil,132
133,Mattie,Bagshaw,Lagoa Santa,Afrikaans,133
134,Jeffy,Hanniger,Poniklá,Hebrew,134
135,Cosette,Jozaitis,Moutsamoudou,Bulgarian,135
136,Flynn,Mitchiner,Tugu,Montenegrin,136
137,Aldus,Deane,Bastak,Estonian,137
138,Mab,Latour,Picoto,Hindi,138
139,Kristy,Livezley,Belleville,Polish,139
140,Willard,Pleasants,Jampang Kulon,Armenian,140
141,Rosabella,Leigh,Pontang Tengah,Maltese,141
142,Levon,Dumphry,Norrköping,Ndebele,142
143,Moreen,Dobrowolski,Äänekoski,Assamese,143
144,Clemens,Blesli,Huashixia,Luxembourgish,144
145,Gwenny,Rowland,Fengping,Norwegian,145
146,Hort,Telfer,Weton,Guaraní,146
147,Camellia,Yanshin,Xiangtan,Greek,147
148,Lee,Adamik,Trnovlje pri Celju,Haitian Creole,148
149,Shannon,Trinbey,Molina,Sotho,149
150,David,Rosenwald,Čakovec,Swahili,150
151,Roger,Mantle,Chãos,Portuguese,151
152,Leona,Bartolomucci,Loutráki,Moldovan,152
153,Charin,Yeulet,Taling,Tetum,153
154,Dario,Hancox,Bagumbayan,French,154
155,Trev,Learman,Thành phố Bạc Liêu,Armenian,155
156,Celinka,Bottrill,Trogan Barat,Icelandic,156
157,Elizabet,Ilive,Sulitair,Amharic,157
158,Dione,Fasson,Huzhen,Tok Pisin,158
159,Egan,Shortland,Kamiichi,Hungarian,159
160,Arny,Few,Didian,Ndebele,160
161,Verene,Harradine,Ondangwa,Tsonga,161
162,Abdel,Tatam,Caminauit,Moldovan,162
163,Ellerey,Yockley,Peimei,Tswana,163
164,Paulette,Springtorpe,Potrerillos,Georgian,164
165,Cicily,Sevior,San Francisco de Yare,Guaraní,165
166,Drucie,Milch,Boro Utara,Thai,166
167,Jeana,Sevitt,Kampong Cham,French,167
168,Robbyn,Lightwood,Modřice,Tamil,168
169,Carly,Seden,Aleg,Afrikaans,169
170,Cammie,Conduit,Wuling,Ndebele,170
171,Seana,Broadist,Trzebieszów,Lithuanian,171
172,Nari,Huffey,Liugong,Malay,172
173,Edward,Meacher,Caxambu,Telugu,173
174,Kevan,Disley,Santo Tomas,Hiri Motu,174
175,Karlie,Sandercroft,Ljungsbro,French,175
176,Waldemar,Strotone,Miejska Górka,Hindi,176
177,Lindi,Cleaver,Krivaja,Northern Sotho,177
178,Frederich,Kiraly,Xianrendu,Icelandic,178
179,Marcello,Licciardo,Sendafa,Lithuanian,179
180,Carlita,Marchington,Widuchowa,Māori,180
181,Ulick,Wyche,Všetaty,Moldovan,181
182,Zebadiah,Drewe,Cabatang,Italian,182
183,Rafferty,Pelosi,Milanów,Filipino,183
184,Koralle,Toffel,Lubichowo,Danish,184
185,Cami,Thurlbourne,Kariya,Guaraní,185
186,Mathilde,Umbers,Huizhou,Montenegrin,186
187,Vitoria,Beeton,Topdac,Tok Pisin,187
188,Geoff,Grossier,Huta Stara B,Fijian,188
189,Barbi,Elmhirst,Lagdo,Malagasy,189
190,Eal,Moorman,Keffi,Mongolian,190
191,Zackariah,Pedrazzi,Ambanja,Bulgarian,191
192,Opalina,Adamiak,Tongzhong,Tsonga,192
193,Daveen,Aberdalgy,Dublje,Bislama,193
194,Karyl,Merlin,Yolöten,Bengali,194
195,Gerhardt,Marxsen,Shaxi,Polish,195
196,Kissee,Gavigan,Pavlovka,Zulu,196
197,Bea,Longfield,Dongli,Kyrgyz,197
198,Gracia,Ayling,Vostryakovo,Quechua,198
199,Goldy,Pember,Zhaojia,Burmese,199
200,Rene,Petracco,Nartkala,Catalan,200
201,Pernell,Elizabeth,Solna,Ndebele,201
202,Archer,Kinney,Taraban Timur,Hebrew,202
203,Colene,Ludee,Xiyang,Bislama,203
204,Moselle,Challes,Nanterre,Marathi,204
205,Barrett,Dirkin,Xiachen,Spanish,205
206,Willi,Baudinelli,Kuala Belait,Czech,206
207,Korrie,Foale,Cuijiamatou,Punjabi,207
208,Jamaal,Nairne,Lipinki Łużyckie,Irish Gaelic,208
209,Cammie,Doumic,Utrecht (stad),Armenian,209
210,Magdalena,Seadon,Oslo,Filipino,210
211,Hestia,Seer,Tororo,Khmer,211
212,Ulises,Claricoats,Verrettes,Maltese,212
213,Jessika,Esslement,Borbon,Quechua,213
214,Victoir,Belton,Tahara,Kazakh,214
215,Maddie,O'Growgane,Huangsha,Dhivehi,215
216,Dael,Abramovicz,Gielniów,Estonian,216
217,Alwyn,Cicetti,Yulin,Korean,217
218,Aland,Brookfield,Itapevi,Zulu,218
219,Jackqueline,Castellone,Malbork,Malay,219
220,Vittorio,Feben,Heping,Quechua,220
221,Hannie,Gutierrez,Güira de Melena,Icelandic,221
222,Jori,Pentycross,Troyes,Malayalam,222
223,Riccardo,Wells,RMI Capitol,Tok Pisin,223
224,Kirby,Flanner,Qiaotou,West Frisian,224
225,Arlyne,Rolfs,Grzybowa Góra,Thai,225
226,Kienan,Humbatch,Neftegorsk,Somali,226
227,Ivan,Fontelles,Henglu,Gagauz,227
228,Cordey,Northam,Lengor,Swati,228
229,Kingston,Alcido,Quibdó,Sotho,229
230,Francine,McMurtyr,Louisville,Tswana,230
231,Ina,Deeprose,Samacá,Danish,231
232,Jsandye,Errigo,Changping,Yiddish,232
233,Doretta,Downie,Madīnat ash Shamāl,Finnish,233
234,Sascha,Depport,Jinzipai,Malagasy,234
235,Cleopatra,Orehead,Kanda,Lao,235
236,Vivyan,Hacquoil,Guantouzui,Assamese,236
237,Jerad,Rowlin,Huoche Xizhan,Gagauz,237
238,Hugues,Rigolle,São Sebastião do Caí,Montenegrin,238
239,Thom,Ellissen,Bombardopolis,Maltese,239
240,Julia,Poulston,Malya,Tetum,240
241,Darsey,Vondrys,Manique,Fijian,241
242,Mildred,Drohun,Lamalewo,Hungarian,242
243,Janeva,Sprague,Danja,West Frisian,243
244,Bartholemy,Fulloway,Houston,Greek,244
245,Doloritas,Clemo,Wonosari,Kurdish,245
246,Geno,Martin,Toulouse,Tajik,246
247,Arman,Sindle,Nagiba,French,247
248,Olympie,Gitting,Deauville,Georgian,248
249,Vonnie,Huller,Dashtobod,Pashto,249
250,Nisse,Aspel,Los Nogales,Malagasy,250
251,Archer,Mayze,Tintafor,Thai,251
252,Rachael,Rowan,Tegalrejo,Malay,252
253,Miltie,Turfus,Phước An,Afrikaans,253
254,Martino,Yegorovnin,Jiangjia,Estonian,254
255,Jaimie,Isles,Huangge,Italian,255
256,Kimmie,Thurley,Tongyangdao,Lao,256
257,Alfy,Everitt,Novyy Urgal,Kannada,257
258,Olivette,Edrich,Requião,French,258
259,Lydie,Rulf,Kaliwates,Irish Gaelic,259
260,Kristo,Trewhela,Alameda,Telugu,260
261,Price,Blaxter,Opoczno,Tswana,261
262,Dallas,Perkis,Quellouno,Hungarian,262
263,Lanie,Iacovolo,San Ignacio de Velasco,Yiddish,263
264,Victoir,Buske,Brodek u Přerova,Kurdish,264
265,Sherman,Philpin,Luotaping,Kannada,265
266,Vanya,Layman,Kristiansand S,Malay,266
267,Arlyne,Dowda,Thị Trấn Sìn Hồ,Hiri Motu,267
268,Bartlet,Prime,Binhe,Tamil,268
269,Tildi,Pash,Xinan,New Zealand Sign Language,269
270,Newton,Look,Avelar,Estonian,270
271,Far,Rourke,Nanggela,Macedonian,271
272,Kathi,Cookley,Arrën,Tajik,272
273,Ewen,Puzey,Intibucá,Punjabi,273
274,Jacobo,Staddart,Baimaqiao,Armenian,274
275,Maryellen,Burnell,Trollhättan,Bengali,275
276,Leann,Arzu,Primorsk,Maltese,276
277,Ora,Chancellor,Escola,Tajik,277
278,Dalt,Thouless,Manassas,Marathi,278
279,Conant,Haselhurst,Tehrān,Pashto,279
280,Timothee,Anney,Nato,French,280
281,Dorice,Jubert,Río Cauto,Zulu,281
282,Kaitlynn,Wainwright,Charleville-Mézières,Kurdish,282
283,Cristie,Hugk,Liushikou,Gagauz,283
284,Shelley,Bascombe,Shahe,Swahili,284
285,Scotty,Ragsdale,Xiangquan,Gujarati,285
286,Laurence,Enevoldsen,Hengjie,Marathi,286
287,Adriane,Andrini,Al Mukallā,Amharic,287
288,Jill,Fintoph,Kainantu,Somali,288
289,Zsa zsa,Midgley,Sasa,Maltese,289
290,Meris,Wort,Kassala,Kashmiri,290
291,Georgeta,Mulvenna,Fenglai,Korean,291
292,Edin,Pettersen,Imotski,Tetum,292
293,Palm,Birkinshaw,Jardim do Seridó,Dzongkha,293
294,Shawnee,Critzen,Xincun,Greek,294
295,Liva,Beamand,Dumlan,Polish,295
296,Fletcher,McCullagh,Machala,Finnish,296
297,Kayle,Claxton,Lyaskovets,Greek,297
298,Binky,Sarfatti,Bandar Seri Begawan,Quechua,298
299,Isidro,Hankard,Karlivka,Albanian,299
300,Nathalie,Ebbing,Fresno,Papiamento,300
301,Kip,Robley,Al Mazār,Papiamento,301
302,Brear,Kikke,Batgrām,Tsonga,302
303,Blayne,Baselio,Sampagar,Dari,303
304,Ilse,Piotr,Usatove,Aymara,304
305,Deena,Earsman,São Pedro da Aldeia,Malagasy,305
306,Giacomo,Stockbridge,Brant,Armenian,306
307,Becca,Roberts,Pancheng,Tok Pisin,307
308,Peterus,McKinnell,Razgrad,Malayalam,308
309,Jana,Elstob,Judita,Montenegrin,309
310,Arnuad,Wildor,Konggar,Kazakh,310
311,Hillery,Londsdale,Zhencheng,Finnish,311
312,Kurt,Van Eeden,Prokop’yevsk,Burmese,312
313,Elisabeth,Chadburn,Arrah,Bulgarian,313
314,Shoshanna,Warters,Ikang,Oriya,314
315,Casar,Shalcros,Bubanza,Belarusian,315
316,Mort,Leggate,Cintra,Belarusian,316
317,Miof mela,Attenborough,Hualmay,Azeri,317
318,Odey,Prester,Nîmes,Haitian Creole,318
319,Agace,Oakly,Liangshuijing,Tok Pisin,319
320,Idaline,Hunton,Lüyang,Dzongkha,320
321,Roy,Cherrington,Pajak,Tswana,321
322,Rossie,Wellfare,Registro,Papiamento,322
323,Meryl,Amner,Anáfi,Mongolian,323
324,Rowen,Pea,Jardin,Georgian,324
325,Harp,Lacase,Altos,Swahili,325
326,Audrie,Motto,Groningen,Burmese,326
327,Edik,Spurgin,Bambakashat,Dhivehi,327
328,Harley,Mattingly,Poços de Caldas,Albanian,328
329,Cordie,Ruffy,Hakui,Lao,329
330,Sammy,Roath,Toksovo,Norwegian,330
331,Leodora,Woolforde,San Pedro,Croatian,331
332,Andree,Inglish,Pulau Pinang,Moldovan,332
333,Rycca,McCullock,Tayabamba,Guaraní,333
334,Lara,Cane,Patiya,Hiri Motu,334
335,Gordon,Perrie,Funaishikawa,Dhivehi,335
336,Cicily,Raubenheimers,Bandhagen,German,336
337,Antoinette,Freda,Aparecida de Goiânia,Georgian,337
338,Jody,Mabey,Sv. Anton,Sotho,338
339,Estevan,Barczynski,Primorsk,Portuguese,339
340,Corrie,Arnull,Omsukchan,Filipino,340
341,Sabrina,Gianninotti,Sladna,Afrikaans,341
342,Franchot,Hanssmann,Lat Yao,Spanish,342
343,Marielle,Bilton,Denver,Tetum,343
344,Rona,Khristyukhin,Shebunino,Lao,344
345,Mella,Gabitis,Mojo,Macedonian,345
346,Kerry,Peperell,Quemú Quemú,Icelandic,346
347,Roderick,Jex,Chantepie,Sotho,347
348,Morgen,Groome,Dallas,Malagasy,348
349,Myrwyn,Noe,Clorinda,Lao,349
350,Rube,Van der Velde,Ayaviri,Georgian,350
351,Helaine,Lechmere,Argentan,Guaraní,351
352,Inger,Raraty,Pas Pul,Dutch,352
353,Aili,Blanchflower,Oslo,Quechua,353
354,Karine,Norsister,Bánica,Kannada,354
355,Peta,Wordington,Moyynkum,Belarusian,355
356,Marcelline,Habble,Paranapanema,Catalan,356
357,D'arcy,Dorward,Sokółka,Portuguese,357
358,Christa,Ruler,Sayapullo,Armenian,358
359,Phineas,Partington,Krasnopillya,Filipino,359
360,Jinny,Pittet,Hefu,West Frisian,360
361,Pieter,le Keux,Hanyin Chengguanzhen,Moldovan,361
362,Wat,Bazek,Yujing,Pashto,362
363,Brennen,Splaven,Solo,Azeri,363
364,Marlo,Hanbury-Brown,Xia Dawo,Tok Pisin,364
365,Rockey,Himpson,São Cristóvão,Hungarian,365
366,Annette,Peaurt,Laprida,Danish,366
367,Greg,Beaston,Vendargues,Haitian Creole,367
368,Avis,O' Reagan,Kingston,Lao,368
369,Selinda,Yeoland,Tralee,Azeri,369
370,Lita,Sansbury,Pérama,Papiamento,370
371,Wendell,Glason,Ranot,Māori,371
372,Callie,Thaw,Maní,Arabic,372
373,Bertrand,Cossins,Keruguya,Tsonga,373
374,Antin,Wingar,Luzhou,Fijian,374
375,Filia,Mc Trusty,Colombo,French,375
376,Pattie,Pashan,Pemberton,Bulgarian,376
377,Jean,Andrew,Tianhe,Persian,377
378,Addie,Bondley,Itajaí,Spanish,378
379,Lonnard,Aaronsohn,Malilipot,Assamese,379
380,Tiertza,Labat,Winseler,Malayalam,380
381,Timmy,Hitter,Wat Sing,Thai,381
382,Maxie,Vella,Borås,Tsonga,382
383,Padraig,Currm,Swedru,Tamil,383
384,Thorny,Bendson,Ramon Magsaysay,Dari,384
385,Vicky,Lamperd,Somerset East,Chinese,385
386,Elset,Issit,Ejidal,Bulgarian,386
387,Hyacinth,Balffye,Mayuan,Burmese,387
388,Ketti,McAlinden,Kadoma,Gujarati,388
389,Eloise,O'dell,Yangyu,Gujarati,389
390,Kenneth,Tocknell,Campinho,Khmer,390
391,Dannye,Yates,Yakimovo,Armenian,391
392,Merrielle,McIlherran,Pingtang,Arabic,392
393,Candis,Garrigan,Brzeg Dolny,Maltese,393
394,Meryl,Cortin,Arraial do Cabo,Hiri Motu,394
395,Tatiana,Keuntje,"Palmas De Gran Canaria, Las",Bislama,395
396,Terra,Aggus,Revava,Tamil,396
397,Nickie,Juschke,Wendo,Croatian,397
398,Emlynne,Hugett,Jingdu,Montenegrin,398
399,Else,Chene,Parnaíba,Lao,399
400,Dallis,Huard,Esperanza,Bengali,400
401,Stacey,Placido,Nyimba,Bulgarian,401
402,Lian,Markie,Torrevieja,Irish Gaelic,402
403,Carroll,Trelease,Roissy Charles-de-Gaulle,Nepali,403
404,Jo ann,Allpress,Shigongqiao,Georgian,404
405,Eloisa,Nelsey,Buenavista,Kazakh,405
406,Huntley,Eve,Kedungwringin,Guaraní,406
407,Cammie,Flaune,Niort,New Zealand Sign Language,407
408,Analise,Chappel,Vatutino,Somali,408
409,Michaelina,Barnewelle,Mawlamyine,Bulgarian,409
410,Carlota,Dolling,Estrada,Punjabi,410
411,Carlotta,Ennals,Gandra,Amharic,411
412,Gordan,Huntly,Kotingnatagete,Hungarian,412
413,Ange,Ketteman,Huaquirca,Bulgarian,413
414,Cherri,Dreher,Masty,Malay,414
415,Donny,Stoven,Idritsa,Korean,415
416,Massimiliano,Bolle,Bente,Swahili,416
417,Fred,Sergean,Kolsh,Punjabi,417
418,Nathanial,Worham,Luzino,Somali,418
419,Gerald,Woliter,Kotlovka,Greek,419
420,Jacquenette,Mersh,Suponevo,French,420
421,Vin,Andrews,Brusyanka,Afrikaans,421
422,Berti,Lehrmann,Varennes,Spanish,422
423,Deloria,Sapir,Hekou,Telugu,423
424,Zenia,Clavey,Kertanegla,Finnish,424
425,Tabbitha,Glauber,Xufu,Yiddish,425
426,Gerti,Luberti,Zhongxin,Japanese,426
427,Bronson,Carrane,Challans,Bosnian,427
428,Karlene,Foch,Şānūr,Norwegian,428
429,Angelica,Lumsdaine,San Antonio,Oriya,429
430,Waldon,Venard,Sim,Spanish,430
431,Aprilette,Sweynson,Chhātak,Amharic,431
432,Dione,Cuesta,Injīl,Montenegrin,432
433,Vivianna,O'Tuohy,Machida,Swahili,433
434,Sada,Coultard,Heishui,Portuguese,434
435,Revkah,Kepp,Kuala Lumpur,Mongolian,435
436,Hurlee,Minihan,Torre do Pinhão,Somali,436
437,Web,Gasking,Mayuge,Kashmiri,437
438,Loralee,Scapens,Zhovti Vody,Hiri Motu,438
439,Derry,Whitwell,Xingnong,Luxembourgish,439
440,Mannie,Filgate,Täby,Filipino,440
441,Sophronia,Ferrettini,Khujirt,Tamil,441
442,Romain,Bulch,Lavezares,Armenian,442
443,Townie,Laddle,Skalat,Yiddish,443
444,Rosella,Clopton,Nice,Filipino,444
445,Winona,Felkin,Chonchi,Filipino,445
446,Jean,Casebourne,Saidpur,Quechua,446
447,Stefano,Cunio,Sawara,Afrikaans,447
448,Staffard,Jenny,Lyubertsy,Nepali,448
449,Dominick,Pevreal,Shuanglu,Kyrgyz,449
450,Linus,Pattesall,Ludvika,Kannada,450
451,Dannie,Gittus,Hai Riêng,Amharic,451
452,Haydon,Lyman,Bègles,Luxembourgish,452
453,Kit,Gloyens,Jijiga,Lao,453
454,Elsy,Scattergood,Vohipaho,Macedonian,454
455,Adan,Cridland,Yuli,Bislama,455
456,Gerty,Grocutt,Sacapulas,Belarusian,456
457,Shawn,Riveles,Nowe Miasto nad Pilicą,Swati,457
458,Beniamino,Rigate,Jingchuan Chengguanzhen,Guaraní,458
459,Darnell,Karim,Malhão,Montenegrin,459
460,Arlinda,Bahia,Barão de São Miguel,Japanese,460
461,Ricardo,Gravenall,Nanggewer,Belarusian,461
462,Nobie,Oliphard,Hluboká nad Vltavou,Dari,462
463,Nerta,Hullock,Волочаевское,French,463
464,Jeremy,Cheyney,Santa Fe,Luxembourgish,464
465,Dell,Issacof,Yanino Vtoroye,Malayalam,465
466,Care,Brettell,Chichigalpa,Sotho,466
467,Cliff,Blinckhorne,Fengyang Fuchengzhen,Dutch,467
468,Jackquelin,Codron,Kebonan,Afrikaans,468
469,Waverley,Commuzzo,Dolisie,Portuguese,469
470,Yolanda,Lawless,Nong Khai,Haitian Creole,470
471,Angelia,Kitchenman,Sortavala,Thai,471
472,Isaak,Spurritt,Toulouse,Bulgarian,472
473,Eugene,Outram,Nikinci,Afrikaans,473
474,Eugen,Bellwood,Livingstone,Dari,474
475,Kaleb,Childe,Jardín,Malayalam,475
476,Ciel,Chiommienti,Libas,Irish Gaelic,476
477,Elysha,Lehmann,Palmas,Kannada,477
478,Max,Fredy,Orlando,French,478
479,Abigael,Gilley,Nanlü,German,479
480,Alberto,Bourgour,Konëvo,Fijian,480
481,Torrin,Skeemor,Sidamukti,Zulu,481
482,Deane,Brognot,Épinal,Telugu,482
483,Bertie,Ethridge,Calauan,Latvian,483
484,Yul,Brizland,Kawagoe,Haitian Creole,484
485,Aileen,Hillin,Xiadu,French,485
486,Nathalia,Wildgoose,Bayantal,Tetum,486
487,Courtnay,Belone,Walton,Chinese,487
488,Gilbert,Stoaks,Bošnjaci,Romanian,488
489,Giovanni,Bradder,Paços de Ferreira,Lao,489
490,Winnifred,Kelberer,Xiamayu,Guaraní,490
491,Fifine,Scoyles,Pembuanghulu,Lithuanian,491
492,Susy,Balk,Carvoeira,Icelandic,492
493,Jude,Heck,Hengjian,Kyrgyz,493
494,Aliza,Seydlitz,Žrnovo,Burmese,494
495,Jesse,Bartalin,Cértegui,Pashto,495
496,Brittni,MacKettrick,Yangchun,Azeri,496
497,Esther,Blamphin,Eloúnda,Gujarati,497
498,Deeyn,Purse,Mafang,Dari,498
499,Brennen,Deeves,Wangba,Albanian,499
500,Anna-diana,O'Cannovane,San Pedro,Bengali,500
501,Manolo,Steggals,Belišće,Kazakh,501
502,Rosemonde,Pitkethly,Baryshevo,Amharic,502
503,Marin,Jeannaud,Liuqiao,Kannada,503
504,Pryce,Brimham,Takahagi,Macedonian,504
505,Jori,MacAirt,Kota Ternate,Kazakh,505
506,Cathryn,Robelet,Potou,Moldovan,506
507,Cordelia,Kays,Drezdenko,Chinese,507
508,Brion,Lindup,Tsyelyakhany,Bengali,508
509,Cassandra,Riguard,Newark,Filipino,509
510,Neile,Rockhall,Tuchlovice,Hebrew,510
511,Lennie,Perkins,Borgo Maggiore,Hebrew,511
512,Valentine,Enrigo,Chefchaouene,Korean,512
513,Olivero,Aldersea,Awjilah,Bosnian,513
514,Luciano,Chaise,Zamora,Indonesian,514
515,Yorgo,Rudloff,Shuangtang,Haitian Creole,515
516,Saleem,Ethersey,Tonggoh,Estonian,516
517,Beaufort,Pygott,Columbus,Khmer,517
518,Si,Hockey,El Paraíso,Swahili,518
519,Zachery,Haughan,Alverca do Ribatejo,Dzongkha,519
520,Zachary,Hoopper,Pustomyty,Swati,520
521,Andrea,Loines,Tomarovka,Italian,521
522,Maribel,Defew,Hörby,Northern Sotho,522
523,Elenore,Rimer,Akkol’,Dzongkha,523
524,Spencer,Benardeau,Strängnäs,New Zealand Sign Language,524
525,Lorena,Ianittello,Cimaragas,Gagauz,525
526,Inna,Sturridge,Jinhe,Georgian,526
527,Stormy,O' Mara,Tržič,Papiamento,527
528,Rosemaria,Lippingwell,Postupice,Armenian,528
529,Lorie,Southwood,Kabaty,Hindi,529
530,Burnaby,Scholefield,New Glasgow,Malayalam,530
531,Deb,Pougher,Tuoshi,Tswana,531
532,Dorena,Sixsmith,Zhouji,Arabic,532
533,Kinna,Rosnau,Nanae,Swati,533
534,Graeme,Gamlin,Kävlinge,Malayalam,534
535,Dom,Kilbane,Ntobo,Gagauz,535
536,Delphine,Zarb,Phu Luang,Bislama,536
537,Costa,Saltsberg,Ningchegu,Georgian,537
538,Hally,Hyett,Léchovo,Estonian,538
539,Kassia,Astupenas,Sịa,Marathi,539
540,Tessy,Iacovazzi,Taiping,Indonesian,540
541,Isaak,Bryning,Löddeköpinge,Sotho,541
542,Abbe,Rainer,Ouro Preto,English,542
543,Logan,Lawty,Sangar Sarāy,New Zealand Sign Language,543
544,Kelby,Rapa,Tunasbaru,Bengali,544
545,Darcie,Colaco,Dĩ An,Tajik,545
546,Mona,McKimm,Saquarema,Filipino,546
547,Florie,Haseldine,Nanjiao,Norwegian,547
548,Lucy,Draisey,San Rafael,Dzongkha,548
549,Matthias,Cavy,Ipiaú,Armenian,549
550,Lorne,Lamperd,Shahr-e Şafā,West Frisian,550
551,Virginie,Hempel,Malhão,Kashmiri,551
552,Constancia,Vlasov,Buenos Aires,Maltese,552
553,Jeni,Spurden,Bergen,Danish,553
554,Gale,Ragless,Naro-Fominsk,Dutch,554
555,Stephan,Wafer,Nancheng,Irish Gaelic,555
556,Brett,Mackleden,Trzcianka,Tsonga,556
557,Grady,Gaskamp,Hronov,Kurdish,557
558,Worth,Wainer,Paranapanema,Gagauz,558
559,Birgitta,Kersaw,Sehwān,Croatian,559
560,Laurie,Jambrozek,Rencun,Haitian Creole,560
561,Jodi,Lowden,Santa Isabel,Khmer,561
562,Dasie,Binley,Columbus,Norwegian,562
563,Corry,Revely,Hovtashen,Italian,563
564,Gay,Lortzing,Mikrókampos,Tajik,564
565,Hans,Adamsen,Shiguai,Bislama,565
566,Niels,O'Dennehy,Challans,Swedish,566
567,Wendi,Gregoli,Ozubulu,Spanish,567
568,Franny,L'Hommeau,Jaunpiebalga,Dzongkha,568
569,Ashlen,Tigwell,Al Jamīmah,Dutch,569
570,Darda,Stockwell,Vetlanda,Tajik,570
571,Penny,Oleksiak,Liborina,Punjabi,571
572,Abbey,Tomczykiewicz,Netanya,Marathi,572
573,Ronica,McLauchlin,Roche-à-Bateau,Macedonian,573
574,Lorrayne,Mordan,Tambawel,Armenian,574
575,Kandy,Duesbury,Ağdaş,Bislama,575
576,Dov,Grigorini,Xinyan,Hebrew,576
577,Thorsten,MacRory,Kongtian,Zulu,577
578,Nicky,Chavey,Dolní Bojanovice,New Zealand Sign Language,578
579,Candi,Arstingall,Murindó,German,579
580,Althea,Kettow,Mounlapamôk,Guaraní,580
581,Arden,Yglesia,Dębno,Telugu,581
582,Felicdad,Selwood,Caxito,Tsonga,582
583,Normie,Melwall,Hengbanqiao,Danish,583
584,Nixie,Steely,Sundsvall,Croatian,584
585,Dominga,Spindler,Wuning,Bulgarian,585
586,Carley,Matterson,Itsandra,Chinese,586
587,Woodrow,Killelay,Vecpiebalga,Romanian,587
588,Lannie,Kulas,Meijiang,Irish Gaelic,588
589,Archy,Lumpkin,Cicuco,Catalan,589
590,Goddart,Flamank,Prosyana,Bislama,590
591,Pet,Grundon,Pisão,Sotho,591
592,Panchito,Craise,Xiaochi,Albanian,592
593,Mathias,Bonicelli,Ourovéni,Swedish,593
594,Fabien,Janosevic,Lagkadás,Tsonga,594
595,Vicky,McLenahan,Tampere,Danish,595
596,Shawn,Janu,Racławice,Assamese,596
597,Temple,Onthank,Zhangxi,Afrikaans,597
598,Nevile,Keasley,Föglö,Swati,598
599,Celesta,Penson,København,Arabic,599
600,Dorolice,Arney,Bujaków,Azeri,600
601,Debor,Tyler,Huaitu,Papiamento,601
602,Mychal,Mingauld,Pemba,Latvian,602
603,Marinna,Jaqueminet,Uberlândia,Armenian,603
604,Sherilyn,Du Fray,Matsue-shi,Mongolian,604
605,Davon,MacConchie,Kataba,Tok Pisin,605
606,Virgie,Rossiter,Dazhipo,Dhivehi,606
607,Callida,Attlee,Xujia,Guaraní,607
608,Joela,Toderini,Novo-Nikol’skoye,Croatian,608
609,Priscella,Kealy,Pedraza,Hiri Motu,609
610,Brannon,Langhor,Clarin,Romanian,610
611,Ingrim,Eastmond,Gio Linh,Spanish,611
612,Georgetta,Ickowics,Lukou,Somali,612
613,Aguie,Powis,Beppu,Catalan,613
614,Octavia,Carrell,Combita,Norwegian,614
615,Rafaello,Bursnall,Sölvesborg,Norwegian,615
616,Guglielmo,Gowenlock,Victoria,Northern Sotho,616
617,Maynard,Rettie,Santiago de Cuba,Swati,617
618,Leesa,MacGeaney,Qijiaxi,Tsonga,618
619,Der,Loghan,Maribong,Georgian,619
620,Farrand,Knightsbridge,Grande Cache,Kurdish,620
621,Saunder,Bett,Sillamäe,German,621
622,Arlene,Woodroff,Baise City,Guaraní,622
623,Kathrine,Lakenton,Barcelona,Malagasy,623
624,Francoise,Bountiff,Shangyanzhuang,Arabic,624
625,Gavra,Bunny,Magsalangi,Indonesian,625
626,Nataline,Stede,Cedar Rapids,Marathi,626
627,Karrie,Sayer,Costa de Rios Frios,Arabic,627
628,Kerstin,Ennor,Pucón,Punjabi,628
629,Mariska,Mintoft,Sawara,Māori,629
630,Ardith,Talby,Valence,Lithuanian,630
631,Anjanette,Wellington,Taraš,Quechua,631
632,Tymothy,Draye,Ajasse Ipo,Korean,632
633,Giavani,Nanni,Buchanan,Portuguese,633
634,Erskine,O'Dowling,Borkowice,Marathi,634
635,Kenon,Diplock,El Refugio,Hindi,635
636,Godfree,Aston,Buenavista,Telugu,636
637,Randall,Torresi,Guayabal,Estonian,637
638,Hillary,Batte,Inđija,Korean,638
639,Rafaello,Whacket,Datun,Portuguese,639
640,Ardene,Liversedge,Amberd,Georgian,640
641,Kelsey,Hyams,Vostochnyy,Belarusian,641
642,Sally,Emms,Uinskoye,Thai,642
643,Bentlee,Varty,Bromma,Ndebele,643
644,Hersh,Skeffington,Brest,French,644
645,Aliza,Riddich,Ash Shajarah,Aymara,645
646,Darbie,Lawless,Finiq,New Zealand Sign Language,646
647,Ashlin,Bolle,Guradog,Bulgarian,647
648,Donna,McVeagh,Amberd,Bulgarian,648
649,Sibley,Davson,Ol’ginka,Malagasy,649
650,Danya,McGowran,Tatsuno,Tsonga,650
651,Abbe,Gilliland,Växjö,Finnish,651
652,Pansy,Selbach,Nam Phong,Arabic,652
653,Alida,Caizley,Przyborów,Korean,653
654,Skell,Shallow,Ar Ruways,Bulgarian,654
655,Ketty,Deason,Gangbei,Luxembourgish,655
656,Fayina,Edmonstone,Avaré,Persian,656
657,Gale,McGriele,Haikou,Tswana,657
658,Lock,Groomebridge,Doropeti,Maltese,658
659,Pansie,Malatalant,Montgomery,Persian,659
660,Eliot,Minocchi,Shangcunba,Danish,660
661,Meade,MacCoveney,Passos,Tamil,661
662,Bryon,Cosgrave,Sri Jayewardenepura Kotte,Korean,662
663,Caressa,McKew,Bārah,Luxembourgish,663
664,Jasmin,Seebright,Jiaxian Chengguanzhen,Dhivehi,664
665,Meris,Pinnigar,Sibubuhan,Belarusian,665
666,Zorina,Forten,Chamni,Croatian,666
667,Brietta,Varvara,Philadelphia,Chinese,667
668,Shir,Leavy,La Palma,Bengali,668
669,Miltie,Hubble,Orichi,Danish,669
670,Toddie,Digby,Gahe,Northern Sotho,670
671,Jacquelyn,Twidale,Port-Gentil,Fijian,671
672,Justinian,Skein,Komatsushimachō,Guaraní,672
673,Marchall,Keays,Limoeiro do Ajuru,Bulgarian,673
674,Darsey,Blanchet,Montpellier,Nepali,674
675,Kincaid,McKea,Bilovods'k,Ndebele,675
676,Lora,Gilvear,Dziewin,Burmese,676
677,Ephrayim,Bramsom,Gordon Town,Macedonian,677
678,Herc,Grew,Akhtarīn,Gagauz,678
679,Tirrell,Tinn,Färjestaden,Armenian,679
680,Joellyn,Dorgan,Dobryanka,Tajik,680
681,Marcellina,Small,Hînceşti,Swedish,681
682,Deny,Linden,Mabalacat,Fijian,682
683,Siffre,Josephoff,Bagnères-de-Bigorre,Yiddish,683
684,Alessandro,O'Gorman,Magisterial,Papiamento,684
685,Cher,Dumphreys,Loma Bonita,Dzongkha,685
686,Avram,Giovannacci,Bobon,Icelandic,686
687,Robbert,Syres,Argel,Persian,687
688,Merrile,Gaspar,Yanaoca,Gujarati,688
689,Torey,Murrigans,Talcahuano,Hindi,689
690,Callean,Irlam,Beiguoyuan,Kannada,690
691,Fredrick,Ebbens,Pastores,Malagasy,691
692,Angele,Hadley,Lanlacuni Bajo,Belarusian,692
693,Allegra,Staden,Shanshi,Punjabi,693
694,Skippie,Bedinham,Javānrūd,Thai,694
695,Vasilis,Milmoe,Calvos,Swedish,695
696,Evyn,Kembley,Haninge,Tsonga,696
697,Gar,Mordey,Jinyuan,Bengali,697
698,Natividad,Fairnie,Kuantan,Hiri Motu,698
699,Kania,Clemens,Stanisław Dolny,Malay,699
700,Borden,Gilhoolie,Da’ao,Romanian,700
701,Julissa,MacNeilley,Bayeux,Zulu,701
702,Julius,Ranscome,Wiang Chiang Rung,Lao,702
703,Renault,Waiton,El Plan,Finnish,703
704,Marguerite,Illidge,Torreira,Bulgarian,704
705,Rebecka,Arkley,Stockholm,Swati,705
706,Pancho,Gotthard.sf,Koktokay,Georgian,706
707,Bendick,Blitzer,Oenpeotnai,Japanese,707
708,Gearalt,Strangman,Trélissac,Arabic,708
709,Gerri,Binnie,Sydney,English,709
710,Giacopo,McDonogh,Hōfu,Arabic,710
711,Billy,Follitt,Khao Yoi,Punjabi,711
712,Lyndy,Casarini,Vaggeryd,Catalan,712
713,Parry,Kelland,Billings,Filipino,713
714,Sheena,Wickliffe,Tervel,Kazakh,714
715,Meta,Turfrey,Palopat,Filipino,715
716,Renae,Muris,Lamas,Oriya,716
717,Murray,Goom,Mabu,Kyrgyz,717
718,Kip,Jamme,Phuket,Gujarati,718
719,Eddie,Stacy,Xiangying,Irish Gaelic,719
720,Charita,Tompkins,Montfavet,Portuguese,720
721,Lolly,Blazy,Karangasem,Portuguese,721
722,Linda,Gulk,Marston,Gujarati,722
723,Dru,Cotterrill,Ołpiny,Hiri Motu,723
724,Karoline,Meriet,Gabi,Tamil,724
725,Natalee,Handsheart,Timiryazevskoye,Guaraní,725
726,Rockwell,MacChaell,Preiļi,Latvian,726
727,Emilia,Ackrill,Haninge,Bulgarian,727
728,Christal,Bunford,Gbawe,Gagauz,728
729,Cally,Pardal,Nereta,Macedonian,729
730,Ahmad,Klammt,Guangang,Tetum,730
731,Reine,Lethabridge,Huangnan,Gagauz,731
732,Spenser,Fernehough,Altunemil,Chinese,732
733,Agnesse,Pauls,Yaguarón,Sotho,733
734,Carie,Derobert,Shiniujiang,Armenian,734
735,Ingaborg,McBay,Cogtong,Moldovan,735
736,Conny,Swanston,Zhongzhai,Belarusian,736
737,Ximenez,Broddle,Barras,Korean,737
738,Petronille,Jones,San José de Jáchal,Filipino,738
739,Kiley,Langran,Pahing Pamulihan,Armenian,739
740,Morissa,Covet,Venlo,Mongolian,740
741,Latashia,Dable,Hondo,Lao,741
742,Annabal,Brandin,Negeriagung,English,742
743,Artemas,Eaves,Vary,Kashmiri,743
744,Augustina,Trymme,El Carmen,Latvian,744
745,Matt,Budden,North Vancouver,Bulgarian,745
746,Rolland,Dolden,Tanggeung Kolot,Irish Gaelic,746
747,Matteo,Stoate,Farnham,Lithuanian,747
748,Josi,Spadelli,Kaélé,Maltese,748
749,Gussy,Follows,Yangping,Northern Sotho,749
750,Hansiain,Rawe,Pogonsili,Gagauz,750
751,Herminia,Glanville,Huzhen,Tetum,751
752,Phelia,Rooms,Daidaon,Kannada,752
753,Cynthie,Leveret,Waepau,Yiddish,753
754,Giacomo,Niesing,Gadzhiyevo,Malay,754
755,Melodee,Hurford,Bitica,Marathi,755
756,Ruggiero,Grushin,Jiangdong,Kurdish,756
757,Terrence,Dorrington,Nacka,West Frisian,757
758,Brynn,Swepstone,Santiago de los Caballeros,Armenian,758
759,Elenore,Glen,Bibinje,Ndebele,759
760,Maggee,Beckey,Villamaría,Montenegrin,760
761,Darrel,Nason,Geputan,Dari,761
762,Natale,Sexty,Ciseda,Kurdish,762
763,Lucais,Feehery,Junbu,Oriya,763
764,Sibylla,Caygill,Beaumont,Latvian,764
765,Dill,Negal,Muli,Korean,765
766,Redd,Denny,Yangdian,Moldovan,766
767,August,Jimenez,Filimonovo,Māori,767
768,Drud,Eddison,Swift Current,Guaraní,768
769,Patrick,Le Breton De La Vieuville,Lyon,Thai,769
770,Betti,Delue,Nanam,Azeri,770
771,Justin,Ivanyutin,Pasirtundun,Lao,771
772,Alyse,Yeskov,Quận Năm,Kannada,772
773,Arden,Tullot,Ikryanoye,German,773
774,Astrid,Dwelley,Madalena do Mar,Irish Gaelic,774
775,Vaughan,Frohock,Mardzad,Malagasy,775
776,Margarette,Ordelt,Oslo,Māori,776
777,Derward,Leyton,Dunkerque,New Zealand Sign Language,777
778,Federico,Brocklesby,Phanat Nikhom,Yiddish,778
779,Erda,Barrar,Gornji Milanovac,Norwegian,779
780,Jed,Ambrosetti,Disina,Burmese,780
781,Felipa,Soda,Lagnieu,Bengali,781
782,Ellie,Pech,Chum Phae,Japanese,782
783,Raphaela,Barenskie,Paseka,Bosnian,783
784,Erl,Mazey,Ambunti,Tsonga,784
785,Daveen,Grund,Ciracap,Swati,785
786,Fransisco,Fish,Maradi,Kannada,786
787,Smith,Carlet,Truskolasy,Norwegian,787
788,Latashia,Udy,Kotabaru,Lithuanian,788
789,Megen,Morritt,Nanhai,Tok Pisin,789
790,Lola,Stringfellow,Laka,Aymara,790
791,Chelsey,Barbe,Argayash,Azeri,791
792,Sigvard,Moller,Naranjos,West Frisian,792
793,Morley,Deeming,Ivry-sur-Seine,Croatian,793
794,Auroora,Rimes,Lebak,Chinese,794
795,Clarey,Sumpner,Kavieng,English,795
796,Willey,Streatfeild,Butubut Norte,Dutch,796
797,Ewen,Verdun,Arauca,Yiddish,797
798,Andriette,Blagbrough,Oakville,New Zealand Sign Language,798
799,Carroll,Melin,Shar’ya,West Frisian,799
800,Calvin,Farnorth,Danderyd,Tok Pisin,800
801,Leontyne,Pughsley,Nicola Town,Haitian Creole,801
802,Merralee,Barnaclough,Ramón Castilla,Marathi,802
803,Wayland,Corneck,Gort,Zulu,803
804,Kessia,Robus,Tianjiazhuang,Macedonian,804
805,Candi,Lyptrade,Kayasula,Irish Gaelic,805
806,Montgomery,Whiteson,Sihe,Fijian,806
807,Herminia,O'Mohun,Karangsari,Nepali,807
808,Evelyn,Jirik,Perzów,Bulgarian,808
809,Octavia,Kindley,Libacao,Norwegian,809
810,Whitman,Mulvaney,Rikitea,Japanese,810
811,Noelle,Riddle,Issoudun,Telugu,811
812,Jami,Lorne,Puteran Kidul,Tswana,812
813,Micky,Mothersdale,Binangun,English,813
814,Martie,Neeve,Panshan,Māori,814
815,Tymon,Rolfo,Murici,Spanish,815
816,Ryley,Iveagh,Rahayu,Dutch,816
817,Ari,Colleer,Jiangtun,Estonian,817
818,Egon,Tudhope,Langsepan,French,818
819,Julina,Rodolico,Catu,Khmer,819
820,Nessa,Kehoe,Jardin,German,820
821,Clifford,Foch,Podgórzyn,Swedish,821
822,Cherise,Klima,San Quintin,Portuguese,822
823,Nikolaos,Tidy,Itupiranga,Gagauz,823
824,Duffy,Mackilpatrick,Richmond,Tsonga,824
825,Sheeree,Crust,Venustiano Carranza,Quechua,825
826,Boyce,Casely,Zhangjiaji,Gujarati,826
827,Conny,Bosma,Şaḩneh,Burmese,827
828,Jenny,Dorre,Sirindhorn,Dari,828
829,Binni,Lorenzin,Laiponda,Tamil,829
830,Tim,Gouldstone,Äänekoski,Montenegrin,830
831,Dmitri,Dusey,Baoxing,Georgian,831
832,Link,Gary,Vyritsa,Indonesian,832
833,Idalina,Sexcey,Los Dos Caminos,Papiamento,833
834,Batsheva,Antos,Lamatuka,Yiddish,834
835,Sheffie,Barti,Gur’yevsk,Kurdish,835
836,Janey,Bougen,Luoshan,Yiddish,836
837,Deonne,Scorrer,San Simon,Assamese,837
838,Orly,Albers,Changting,Khmer,838
839,Antony,Brockton,Miłosław,Thai,839
840,Shayna,Petrollo,Tucson,Malay,840
841,Jens,Le land,Nanjia,Icelandic,841
842,Stephi,MacAscaidh,Ostrožská Nová Ves,Norwegian,842
843,Gareth,Warnock,Dunkerque,German,843
844,Eve,Seedull,Oktyabr’skiy,Korean,844
845,Alfreda,Pauletti,Katsuura,Gagauz,845
846,Lindy,Cockle,Stapleford,Chinese,846
847,Griswold,Durbin,Molugan,Moldovan,847
848,Emalee,Boyne,Corroios,Belarusian,848
849,Nina,Pikesley,Fengle,Lao,849
850,Luz,Benet,Balakliya,Mongolian,850
851,Annissa,Gypps,Omurtag,Spanish,851
852,Vikky,Messier,San Francisco de Yare,Nepali,852
853,Carline,Fortie,Upper Hell's Gate,Māori,853
854,Frankie,Pittham,Kunwi,Arabic,854
855,Josias,MacConnal,Daxi,Ndebele,855
856,Gates,Kyte,Vazhiny,Greek,856
857,Kial,Winsper,Santa,Romanian,857
858,Oran,Hansell,Kiltamagh,Haitian Creole,858
859,Wallis,Spendlove,Chengbei,Afrikaans,859
860,Barbee,Denziloe,Sukamaju,Moldovan,860
861,Griz,Rossbrook,Tha Bo,Amharic,861
862,Ellissa,Blades,General Alvear,Catalan,862
863,Leann,Walicki,Bendo,Assamese,863
864,Norri,Kasbye,Chibombo,Armenian,864
865,Brinn,Sawrey,Erími,Korean,865
866,Darnell,Farguhar,Shetan,Irish Gaelic,866
867,Noella,Nairn,Trondheim,Italian,867
868,Oralee,Matteuzzi,São Félix do Xingu,Malagasy,868
869,Stillman,Toulson,Ukhta,Belarusian,869
870,Hermann,Giampietro,Dan Khun Thot,Irish Gaelic,870
871,Carolus,McFie,Velyki Kopany,Kazakh,871
872,Nedda,Benedek,Karviná,Catalan,872
873,Alfonse,Bikker,Gilowice,Bosnian,873
874,Westbrook,Ramsbottom,Roblin,Icelandic,874
875,Danielle,Kitchinham,Petaling Jaya,Italian,875
876,Amory,Gallaher,Białaczów,Quechua,876
877,Domingo,Melwall,Pasto,Gujarati,877
878,Huey,Bretland,Turmi,Burmese,878
879,Eleonore,Spaven,Nenagh,Bislama,879
880,Liane,Ringe,Dongsheng,Chinese,880
881,Quinton,Scritch,Quinuabamba,Telugu,881
882,Vivi,Putt,Nguigmi,Bosnian,882
883,Joella,Kiossel,Xinshi,Belarusian,883
884,Zacharias,Winters,Blang Dalam,Kazakh,884
885,Chase,Imlen,Dinājpur,Swedish,885
886,Karin,Tolwood,Joutsa,Kannada,886
887,Meagan,Seeler,El Vigía,Indonesian,887
888,Jim,Escritt,Brak,New Zealand Sign Language,888
889,Avrom,Druery,Tyshkivka,Mongolian,889
890,Xenia,Esland,Bāgh-e Maīdān,Tswana,890
891,Graehme,Hargerie,Turki,Armenian,891
892,Nicolette,Davydoch,Beidajie,Bengali,892
893,Deedee,Crossman,Zrenjanin,Irish Gaelic,893
894,Gillie,Arnoll,Soanierana Ivongo,Irish Gaelic,894
895,Tonye,Casey,Morfovoúni,Dzongkha,895
896,Melicent,Halling,Dukay,Papiamento,896
897,Vivia,Rowth,Korop,Tok Pisin,897
898,Shaina,Raise,Yylanly,Burmese,898
899,Emerson,Gommery,Barnaul,Dhivehi,899
900,Cullie,Mathy,Zongzhai,Moldovan,900
901,Conchita,Link,Bat Khela,Northern Sotho,901
902,Brendon,Tawton,Tidili Mesfioua,Kurdish,902
903,Maryann,Colebeck,Malešići,Māori,903
904,Jordain,Frazer,Bełk,Finnish,904
905,Vladimir,Hamshaw,Buenaventura,Estonian,905
906,Rafaello,Cahey,San Rafael del Sur,Aymara,906
907,Fredelia,Jeays,Catujal,Afrikaans,907
908,Devlen,Towndrow,Utan,Tetum,908
909,Amalita,Brownsell,Khirdalan,Bislama,909
910,Roxane,Garside,Hualian,Burmese,910
911,Sheilah,Rounsefull,Dededo Village,Macedonian,911
912,Gunter,Talby,Kalāleh,Lithuanian,912
913,Ingeberg,Guinery,5 de Mayo,Hindi,913
914,Reinhard,Roman,Krzczonów,Tetum,914
915,Sauveur,Sempill,Caen,Swati,915
916,Beret,Payton,Dazi,Icelandic,916
917,Gretchen,Allerton,Munkfors,Japanese,917
918,Madelene,Crannis,Dongshi,Mongolian,918
919,Elsa,Haysham,Bohou,Swati,919
920,Korey,Tonnesen,Lugar Novo,Luxembourgish,920
921,Darn,Loughney,Ramain,Maltese,921
922,Howard,Cressy,Shahr-e Qods,Croatian,922
923,Reeba,Capoun,Ishkhoy-Yurt,Punjabi,923
924,Nial,Juares,Sredniy,Punjabi,924
925,Lilias,Barkworth,Annau,Dari,925
926,Forster,Wilmott,Asquipata,Papiamento,926
927,Dorry,Poolton,Taoyang,Spanish,927
928,Pippa,Schuchmacher,Azurva,Persian,928
929,Iseabal,Stieger,Dimitrovgrad,Yiddish,929
930,Selena,Bootyman,Saint-Nazaire,Icelandic,930
931,Veradis,Spittal,Vales,Lithuanian,931
932,Mikey,Opie,Mainang,Pashto,932
933,Constantine,Melmeth,Magdaleno Aguilar,Chinese,933
934,Corrinne,Chapier,Anling,Māori,934
935,Gladi,Lavelle,Slavs’ke,Catalan,935
936,Paddie,Pilch,Liqi,Kannada,936
937,Dianna,Biswell,Muikamachi,New Zealand Sign Language,937
938,Isidoro,Harmant,Santo Antônio da Platina,Maltese,938
939,Maynard,Moffatt,Sułów,Romanian,939
940,Daveta,Garmons,Pysznica,Quechua,940
941,Martyn,Karys,Al Ḩīlah,Nepali,941
942,Merna,Feldklein,Wróblew,Korean,942
943,Wash,Leyman,Los Andes,Hungarian,943
944,Marius,Acey,Río Grande,Gagauz,944
945,Hobie,Caesar,Forino,Croatian,945
946,Dorine,Nias,Karangan,Albanian,946
947,Dani,Kohter,Potosí,Zulu,947
948,Horatius,Giorgietto,Zyryanovsk,Nepali,948
949,Scott,Columbine,Henglan,Korean,949
950,Moll,Moutray Read,Sangari,Luxembourgish,950
951,Annette,Powrie,Zhongxian,Nepali,951
952,Stuart,Keatch,Seynod,Kazakh,952
953,Daveen,Elstone,Andres Bonifacio,Belarusian,953
954,Corabelle,Heal,Zhoukoudian,Burmese,954
955,Berta,McIlwain,Além Paraíba,Hindi,955
956,Haley,Spriggs,Lahuaytambo,Quechua,956
957,Branden,Lean,Lady Frere,Nepali,957
958,Dallas,Littleproud,Urshel’skiy,Northern Sotho,958
959,Con,Anstey,Chełmiec,Pashto,959
960,Bowie,Leadbeatter,Pokrovskoye,Tsonga,960
961,Findlay,Becker,Sundsvall,Malay,961
962,Antonin,Goforth,Musanze,Persian,962
963,Chlo,Offa,Nyagla,Albanian,963
964,Chiarra,Brissard,Wielichowo,Finnish,964
965,Alvinia,Dran,Citalahab,Khmer,965
966,Pauline,Matteo,Saribudolok,Italian,966
967,Reyna,McSpirron,Tirah,Dhivehi,967
968,Jedidiah,Ricketts,Cerro de Pasco,Gujarati,968
969,Roby,Ogelbe,Klimontów,Korean,969
970,Olivette,Muzzillo,Shihuang,Bulgarian,970
971,Christin,Dafter,Pilcuyo,Tetum,971
972,Waiter,Bourke,Ariquemes,Swedish,972
973,Keenan,Godney,Urjala,Danish,973
974,Tiphanie,Taylot,Talospatang,Malagasy,974
975,Baron,Raggatt,Debar,Moldovan,975
976,Eadie,Whitecross,Babakan,Tswana,976
977,Brandyn,Stratford,Yuanba,Pashto,977
978,Lilia,Thrift,Jingping,Marathi,978
979,Dominique,Olfert,Boco,Moldovan,979
980,Almeda,Jonson,Ash Shafā,Estonian,980
981,Vick,Rudderham,Cacheu,Catalan,981
982,Dorolice,Mc Coughan,Haunubenak,Swedish,982
983,D'arcy,Treffry,Paldit,Japanese,983
984,Jasmina,Earley,Dushanbe,Kurdish,984
985,Ivor,Smieton,Nantang,Irish Gaelic,985
986,Magda,Gorgler,Louka,Sotho,986
987,Wendi,Ashfull,Los Angeles,Estonian,987
988,Ondrea,Twitchings,Weifen,Macedonian,988
989,Teodorico,Cassius,Guangang,Hiri Motu,989
990,Levi,Wrangle,Raniżów,Swedish,990
991,Tobit,Twiggs,Huyuan,Sotho,991
992,Desmond,Rippingale,Bogotá,Hebrew,992
993,Leonanie,Isakov,Pasanggrahan,Somali,993
994,Mickey,Narracott,Lipnica Wielka,Mongolian,994
995,Madel,O'Sheerin,Kuršumlija,Chinese,995
996,Golda,Norster,Ouyang,Nepali,996
997,Gerek,Greguol,Pyrgetós,Bulgarian,997
998,Hamel,Quinby,Las Varas,Irish Gaelic,998
999,Darlene,Sommerfeld,Ambovombe,Khmer,999
1000,Bridgette,Andre,Nangxian,Khmer,1000
